{"metrics": {"accuracy": {"alexnet": 0.9815353751182556, "custom_cnn": 0.9698507189750671, "resnet18": 0.9498142004013062}, "precision": {"alexnet": 0.9816824793815613, "custom_cnn": 0.9703232049942017, "resnet18": 0.9613474011421204}, "recall": {"alexnet": 0.9815353751182556, "custom_cnn": 0.9698507189750671, "resnet18": 0.9498142004013062}, "f1_score": {"alexnet": 0.9815728068351746, "custom_cnn": 0.9695941805839539, "resnet18": 0.9522653818130493}}, "params": {"alexnet": 61647401, "custom_cnn": 24011172, "resnet18": 12236073}, "valid_accuracy": {"alexnet": [0.9888238310813904], "custom_cnn": [0.9843261241912842], "resnet18": [0.9662425518035889]}, "time_taken": {"alexnet": 4677.002240419388, "custom_cnn": 5424.214864492416, "resnet18": 8936.628421545029}, "final_accuracy": {"alexnet": 0.981679389312977, "custom_cnn": 0.9701199563794983, "resnet18": 0.9500545256270447}, "confusion_matrix": {"alexnet": [[416, 1, 0, 0, 0, 0, 6, 2, 0, 0], [1, 470, 3, 0, 1, 0, 3, 2, 0, 0], [1, 7, 453, 0, 1, 0, 0, 0, 0, 1], [0, 1, 0, 468, 0, 0, 0, 1, 0, 0], [0, 0, 2, 3, 427, 0, 3, 0, 1, 0], [0, 0, 1, 0, 0, 426, 3, 3, 1, 1], [0, 2, 1, 0, 0, 18, 431, 0, 4, 1], [1, 0, 2, 1, 0, 0, 0, 486, 0, 0], [0, 0, 0, 0, 0, 0, 0, 0, 448, 0], [0, 0, 2, 0, 0, 0, 3, 0, 0, 476]], "custom_cnn": [[403, 8, 3, 1, 2, 1, 5, 2, 0, 0], [2, 458, 11, 1, 4, 0, 2, 1, 1, 0], [0, 5, 455, 0, 2, 0, 0, 0, 0, 1], [0, 0, 2, 467, 1, 0, 0, 0, 0, 0], [0, 0, 3, 2, 426, 1, 2, 0, 2, 0], [0, 1, 2, 2, 0, 428, 1, 0, 1, 0], [0, 3, 1, 0, 0, 32, 400, 0, 18, 3], [2, 1, 0, 0, 0, 1, 0, 486, 0, 0], [0, 0, 0, 0, 0, 0, 0, 0, 448, 0], [0, 0, 1, 0, 0, 1, 1, 0, 1, 477]], "resnet18": [[422, 1, 0, 0, 1, 0, 1, 0, 0, 0], [0, 480, 0, 0, 0, 0, 0, 0, 0, 0], [0, 20, 442, 0, 0, 0, 0, 0, 0, 1], [0, 0, 0, 469, 0, 0, 1, 0, 0, 0], [0, 9, 2, 1, 416, 0, 3, 1, 4, 0], [0, 2, 1, 0, 0, 429, 1, 0, 2, 0], [2, 48, 1, 0, 0, 5, 399, 0, 2, 0], [2, 0, 0, 0, 0, 0, 0, 488, 0, 0], [0, 69, 0, 5, 0, 0, 0, 0, 374, 0], [0, 32, 0, 0, 0, 7, 5, 0, 0, 437]]}, "classes": ["Tomato___Bacterial_spot", "Tomato___Early_blight", "Tomato___Late_blight", "Tomato___Leaf_Mold", "Tomato___Septoria_leaf_spot", "Tomato___Spider_mites Two-spotted_spider_mite", "Tomato___Target_Spot", "Tomato___Tomato_Yellow_Leaf_Curl_Virus", "Tomato___Tomato_mosaic_virus", "Tomato___healthy"]}