{"metrics": {"accuracy": {"custom_cnn": 0.9471866488456726, "densenet": 0.9542816877365112, "alexnet": 0.9385751485824585, "resnet50": 0.8788275122642517, "resnet18": 0.922878623008728, "resnet34": 0.9248213768005371}, "precision": {"custom_cnn": 0.9486280679702759, "densenet": 0.9562591314315796, "alexnet": 0.9415541887283325, "resnet50": 0.9166876077651978, "resnet18": 0.9375151991844177, "resnet34": 0.938561201095581}, "recall": {"custom_cnn": 0.9471866488456726, "densenet": 0.9542816877365112, "alexnet": 0.9385751485824585, "resnet50": 0.8788275122642517, "resnet18": 0.922878623008728, "resnet34": 0.9248213768005371}, "f1_score": {"custom_cnn": 0.9468860030174255, "densenet": 0.9538835883140564, "alexnet": 0.9374845027923584, "resnet50": 0.8832826614379883, "resnet18": 0.9255778789520264, "resnet34": 0.9275767803192139}}, "params": {"resnet50": 23528522, "custom_cnn": 21436101, "alexnet": 57044810, "densenet": 6964106, "resnet18": 11181642, "resnet34": 21289802}, "final_accuracy": {"alexnet": 0.9391494002181026, "custom_cnn": 0.9476553980370774, "densenet": 0.953762268266085, "resnet50": 0.8774263904034897, "resnet18": 0.9232279171210469, "resnet34": 0.9251908396946565}, "valid_accuracy": {"custom_cnn": [0.10670731961727142, 0.3591027855873108, 0.4806184768676758, 0.6925086975097656, 0.6489546895027161, 0.2648083567619324, 0.8024826049804688, 0.8702090382575989, 0.7685104608535767, 0.7029616832733154, 0.9104965329170227, 0.9174651503562927, 0.9213849902153015, 0.9370644688606262, 0.9179006814956665, 0.9435975551605225, 0.9388065934181213, 0.9261759519577026, 0.9453397393226624, 0.9560104608535767, 0.9645034670829773, 0.9610191583633423, 0.9655923247337341, 0.9553571343421936, 0.9592769742012024], "alexnet": [0.10670731961727142, 0.10452961921691895, 0.14851915836334229, 0.346689909696579, 0.29943379759788513, 0.404834508895874, 0.4377177655696869, 0.7695993185043335, 0.8787021040916443, 0.8941637873649597, 0.8207752704620361, 0.9059233665466309, 0.9335801601409912, 0.9115853905677795, 0.9287891983985901, 0.9327090382575989, 0.9416376352310181, 0.9599303007125854, 0.9614546895027161, 0.9507839679718018, 0.9187718033790588, 0.2621951103210449, 0.9429442286491394, 0.9612369537353516, 0.9662456512451172], "densenet": [0.8083623647689819, 0.8246951103210449, 0.8824042081832886, 0.5825348496437073, 0.8525696992874146, 0.9551393985748291, 0.8449477553367615, 0.9464285969734192, 0.953832745552063, 0.9490417838096619, 0.8440766334533691, 0.9688588976860046, 0.9407665729522705, 0.9749564528465271, 0.9684233665466309, 0.980182945728302, 0.974303126335144, 0.9231271743774414, 0.9716898798942566, 0.9782230257987976, 0.9753919839859009, 0.974303126335144, 0.9851916432380676, 0.9710366129875183, 0.973649799823761], "resnet50": [0.2593640983104706, 0.6202090382575989, 0.4570992887020111, 0.13414634764194489, 0.7495644688606262, 0.4111498296260834, 0.7378048896789551, 0.8582317233085632, 0.6162891983985901, 0.878484308719635, 0.8782665729522705, 0.8961237072944641, 0.9035278558731079, 0.8874129056930542, 0.934669017791748, 0.9372822046279907, 0.9464285969734192, 0.9446864128112793, 0.7428135871887207, 0.7835366129875183, 0.9555749297142029, 0.9131097793579102, 0.792682945728302, 0.8793553709983826, 0.9375], "resnet18": [0.650696873664856, 0.744120180606842, 0.875, 0.8456010222434998, 0.8985191583633423, 0.9196428656578064, 0.9231271743774414, 0.9457752704620361, 0.9165940880775452, 0.7711237072944641, 0.9372822046279907, 0.9385888576507568, 0.9453397393226624, 0.9555749297142029, 0.9364111423492432, 0.9490417838096619, 0.9586237072944641, 0.9560104608535767, 0.9494773745536804, 0.9594947695732117, 0.9501306414604187, 0.9488240480422974, 0.951001763343811, 0.9577525854110718, 0.9531794190406799], "resnet34": [0.7824477553367615, 0.7297474145889282, 0.8525696992874146, 0.9168118238449097, 0.9067944288253784, 0.9148519039154053, 0.8523519039154053, 0.9383710622787476, 0.9311846494674683, 0.9179006814956665, 0.9385888576507568, 0.9507839679718018, 0.9375, 0.8340592384338379, 0.9540505409240723, 0.9577525854110718, 0.950348436832428, 0.9610191583633423, 0.943379819393158, 0.9370644688606262, 0.9581881761550903, 0.9566637873649597, 0.9477351903915405, 0.9483885169029236, 0.9575348496437073]}, "time_taken": {"alexnet": 2097.081114768982, "custom_cnn": 2437.641338825226, "densenet": 8649.423373222351, "resnet50": 9060.600285768509, "resnet18": 3404.458497285843, "resnet34": 5748.986038446426}, "confusion_matrix": {"alexnet": [[396, 7, 1, 0, 4, 1, 13, 2, 0, 1], [1, 437, 7, 3, 13, 9, 4, 5, 1, 0], [0, 15, 442, 0, 1, 0, 1, 0, 0, 4], [0, 0, 0, 465, 4, 1, 0, 0, 0, 0], [0, 0, 2, 20, 395, 5, 8, 0, 6, 0], [0, 0, 0, 1, 0, 430, 1, 0, 1, 2], [0, 5, 1, 0, 0, 79, 328, 0, 4, 40], [0, 0, 1, 1, 0, 1, 0, 486, 1, 0], [0, 0, 0, 0, 0, 0, 0, 0, 446, 2], [0, 0, 0, 0, 0, 0, 0, 0, 0, 481]], "custom_cnn": [[418, 4, 1, 0, 0, 0, 2, 0, 0, 0], [7, 457, 7, 1, 4, 1, 2, 1, 0, 0], [0, 21, 436, 1, 2, 0, 1, 1, 0, 1], [0, 2, 4, 457, 3, 2, 0, 1, 0, 1], [2, 5, 15, 11, 397, 2, 4, 0, 0, 0], [0, 1, 4, 7, 1, 408, 3, 4, 2, 5], [0, 8, 5, 2, 1, 42, 370, 0, 4, 25], [9, 1, 0, 0, 0, 0, 0, 480, 0, 0], [0, 0, 0, 0, 1, 0, 1, 0, 442, 4], [0, 0, 1, 0, 0, 0, 0, 0, 0, 480]], "densenet": [[418, 0, 0, 0, 0, 1, 1, 5, 0, 0], [1, 449, 18, 0, 2, 2, 7, 0, 1, 0], [0, 2, 458, 0, 0, 1, 0, 0, 0, 2], [0, 0, 3, 465, 1, 1, 0, 0, 0, 0], [0, 0, 4, 3, 428, 0, 0, 0, 1, 0], [0, 0, 0, 1, 0, 433, 0, 0, 1, 0], [0, 5, 8, 0, 0, 38, 406, 0, 0, 0], [2, 0, 0, 0, 0, 1, 0, 487, 0, 0], [0, 26, 7, 0, 7, 0, 0, 0, 408, 0], [0, 6, 5, 0, 1, 32, 16, 0, 0, 421]], "resnet50": [[402, 0, 12, 0, 8, 1, 2, 0, 0, 0], [0, 411, 59, 2, 8, 0, 0, 0, 0, 0], [0, 0, 462, 0, 0, 0, 0, 0, 0, 1], [0, 0, 91, 378, 0, 0, 0, 0, 1, 0], [0, 0, 15, 5, 414, 1, 0, 0, 1, 0], [0, 0, 4, 0, 0, 428, 0, 0, 3, 0], [0, 2, 64, 3, 1, 94, 286, 0, 6, 1], [5, 1, 28, 0, 0, 1, 0, 455, 0, 0], [0, 0, 55, 0, 0, 1, 0, 0, 392, 0], [0, 1, 22, 0, 0, 61, 0, 0, 2, 395]], "resnet18": [[388, 6, 11, 0, 7, 1, 1, 11, 0, 0], [0, 473, 4, 0, 2, 0, 0, 0, 1, 0], [0, 22, 440, 0, 0, 0, 0, 1, 0, 0], [0, 1, 6, 454, 2, 0, 0, 3, 4, 0], [0, 6, 2, 0, 425, 0, 0, 0, 3, 0], [0, 4, 2, 0, 0, 418, 6, 2, 3, 0], [0, 65, 1, 1, 2, 12, 373, 0, 3, 0], [0, 0, 0, 0, 0, 0, 0, 490, 0, 0], [0, 67, 0, 7, 0, 0, 0, 0, 374, 0], [0, 35, 30, 0, 0, 6, 12, 0, 0, 398]], "resnet34": [[394, 15, 1, 0, 2, 0, 13, 0, 0, 0], [0, 477, 1, 0, 1, 1, 0, 0, 0, 0], [0, 21, 441, 0, 0, 0, 0, 0, 0, 1], [0, 1, 0, 469, 0, 0, 0, 0, 0, 0], [0, 17, 2, 3, 411, 0, 2, 0, 1, 0], [0, 0, 0, 9, 0, 410, 8, 3, 5, 0], [0, 45, 3, 1, 0, 5, 396, 0, 6, 1], [0, 3, 6, 0, 0, 0, 0, 481, 0, 0], [0, 65, 0, 3, 5, 0, 0, 0, 375, 0], [0, 30, 8, 5, 0, 3, 46, 0, 1, 388]]}, "classes": ["Tomato___Bacterial_spot", "Tomato___Early_blight", "Tomato___Late_blight", "Tomato___Leaf_Mold", "Tomato___Septoria_leaf_spot", "Tomato___Spider_mites Two-spotted_spider_mite", "Tomato___Target_Spot", "Tomato___Tomato_Yellow_Leaf_Curl_Virus", "Tomato___Tomato_mosaic_virus", "Tomato___healthy"]}